SampleID,BarcodeSequence,Location,Dist_from_glacier_m,rich
AF1,GGTAATAGAGTT,Forefield,11,31
AF10,ACCCGGATTTCG,Forefield,10,360
AF11,AAGCCTCTACGA,Forefield,10,390
AF12,GCGATGGCGATG,Forefield,10,128
AF13,TTATACGTTGTA,Forefield,360,291
AF14,CATGATTAAGAG,Forefield,360,438
AF15,AGCACCGGTCTT,Forefield,360,512
AF2,GTAAATTCAGGC,Forefield,11,35
AF3,AATATCGGGATC,Forefield,11,44
AF4,TGGACTCAGCTA,Forefield,39,28
AF5,TGTTGCGTTTCT,Forefield,39,89
AF6,GCTATATCCAGG,Forefield,39,16
AF7,TGAAAGCGGCGA,Forefield,109,386
AF8,GAGAGTCCACTT,Forefield,109,411
AF9,ATTTGCTTTGCC,Forefield,109,377
AP1,ATGTTAGGGAAT,Glacier,NA,95
AP10,ACTAGTTGGACC,Glacier,NA,34
AP11,CGCAAGCCCGCG,Glacier,NA,13
AP12,AGAGCGGAACAA,Glacier,NA,39
AP13,ACATGGGCGGAA,Glacier,NA,164
AP14,CTGCGGATATAC,Glacier,NA,153
AP15,GTGAGGGCAAGT,Glacier,NA,132
AP16,ATATTGGCAGCC,Glacier,NA,145
AP17,TCATCCGTCGGC,Glacier,NA,115
AP18,GGCTTCGGAGCG,Glacier,NA,165
AP19,CGGTCAATTGAC,Glacier,NA,91
AP2,AAGTGGCTATCC,Glacier,NA,44
AP20,TCCGCTGCTGAC,Glacier,NA,190
AP21,TGCGCGCCTTCC,Glacier,NA,91
AP3,GTCGTTACCCGC,Glacier,NA,126
AP4,AGTATATGTTTC,Glacier,NA,77
AP5,GGCTCGTCGGAG,Glacier,NA,112
AP6,GACATCTGACAC,Glacier,NA,130
AP7,AATTTCCTAACA,Glacier,NA,124
AP8,ATAAACGGACAT,Glacier,NA,166
AP9,GCTAGTTATGGA,Glacier,NA,157
